{
	"class_name" : "PinholeCameraParameters",
	"extrinsic" : 
	[
		1.0,
		-0.0,
		-0.0,
		0.0,
		0.0,
		-1.0,
		-0.0,
		0.0,
		0.0,
		-0.0,
		-1.0,
		0.0,
		-103.796875,
		91.960784912109375,
		572.04937748121938,
		1.0
	],
	"intrinsic" : 
	{
		"height" : 1403,
		"intrinsic_matrix" : 
		[
			1215.0336415095676,
			0.0,
			0.0,
			0.0,
			1215.0336415095676,
			0.0,
			1279.5,
			701.0,
			1.0
		],
		"width" : 2560
	},
	"version_major" : 1,
	"version_minor" : 0
}